"License Plate","Owner Name","Vehicle Model","Ticket Pending","Pollution Verification","","","","",""
"HR26FD9951","JOJO P JOY","TVS NTORQ","NO ","YES","","","","",""
"HR26EK1294","NARENDRA","BREEZA","YES","YES","","","","",""
"HR26FK3074","KSHITIJ","RE GT650","NO","YES","","","","",""
"DL12SE9822","VIRENDRA","RE BULLET","YES","YES","","","","",""
"HR26FB5523","DANIEL","NS 200","YES","YES","","","","",""
"DL55SK6634","JACK","CIAZ","YES","NO","","","","",""
"","","","","","","","","",""
"","","","","","","","","",""
"","","","","","","","","",""